image,labels
cluster.1 (2).jpg,1
cluster.1.jpg,1
cluster.10 (2).jpg,1
cluster.10.jpg,1
cluster.104 (2).jpg,1
cluster.104.jpg,1
cluster.106 (2).jpg,1
cluster.106.jpg,1
cluster.107 (2).jpg,1
cluster.107.jpg,1
cluster.108 (2).jpg,1
cluster.108.jpg,1
cluster.109 (2).jpg,1
cluster.109.jpg,1
cluster.11 (2).jpg,1
cluster.11.jpg,1
cluster.113 (2).jpg,1
cluster.113.jpg,1
cluster.12 (2).jpg,1
cluster.12.jpg,1
cluster.121 (2).jpg,1
cluster.121.jpg,1
cluster.122 (2).jpg,1
cluster.122.jpg,1
cluster.124 (2).jpg,1
cluster.124.jpg,1
cluster.126 (2).jpg,1
cluster.126.jpg,1
cluster.128 (2).jpg,1
cluster.128.jpg,1
cluster.13 (2).jpg,1
cluster.13.jpg,1
cluster.133 (2).jpg,1
cluster.133.jpg,1
cluster.136 (2).jpg,1
cluster.136.jpg,1
cluster.137 (2).jpg,1
cluster.137.jpg,1
cluster.138 (2).jpg,1
cluster.138.jpg,1
cluster.14 (2).jpg,1
cluster.14.jpg,1
cluster.142 (2).jpg,1
cluster.142.jpg,1
cluster.145 (2).jpg,1
cluster.145.jpg,1
cluster.146 (2).jpg,1
cluster.146.jpg,1
cluster.149 (2).jpg,1
cluster.149.jpg,1
cluster.15 (2).jpg,1
cluster.15.jpg,1
cluster.153 (2).jpg,1
cluster.153.jpg,1
cluster.154 (2).jpg,1
cluster.154.jpg,1
cluster.158.jpg,1
cluster.16 (2).jpg,1
cluster.16.jpg,1
cluster.160.jpg,1
cluster.163.jpg,1
cluster.165 (2).jpg,1
cluster.165.jpg,1
cluster.166 (2).jpg,1
cluster.166.jpg,1
cluster.167 (2).jpg,1
cluster.167.jpg,1
cluster.168 (2).jpg,1
cluster.168.jpg,1
cluster.169 (2).jpg,1
cluster.169.jpg,1
cluster.17 (2).jpg,1
cluster.17.jpg,1
cluster.170 (2).jpg,1
cluster.170.jpg,1
cluster.171 (2).jpg,1
cluster.171.jpg,1
cluster.172.jpg,1
cluster.174.jpg,1
cluster.175.jpg,1
cluster.176.jpg,1
cluster.177.jpg,1
cluster.18 (2).jpg,1
cluster.18.jpg,1
cluster.180.jpg,1
cluster.184 (2).jpg,1
cluster.184.jpg,1
cluster.185 (2).jpg,1
cluster.185.jpg,1
cluster.186 (2).jpg,1
cluster.186.jpg,1
cluster.187 (2).jpg,1
cluster.187.jpg,1
cluster.188 (2).jpg,1
cluster.188.jpg,1
cluster.189 (2).jpg,1
cluster.189.jpg,1
cluster.19 (2).jpg,1
cluster.19.jpg,1
cluster.190 (2).jpg,1
cluster.190.jpg,1
cluster.191 (2).jpg,1
cluster.191.jpg,1
cluster.192.jpg,1
cluster.194.jpg,1
cluster.195.jpg,1
cluster.196.jpg,1
cluster.2 (2).jpg,1
cluster.2.jpg,1
cluster.20 (2).jpg,1
cluster.20.jpg,1
cluster.200.jpg,1
cluster.201.jpg,1
cluster.202.jpg,1
cluster.204.jpg,1
cluster.211.jpg,1
cluster.219.jpg,1
cluster.221.jpg,1
cluster.224.jpg,1
cluster.225.jpg,1
cluster.226.jpg,1
cluster.227.jpg,1
cluster.229.jpg,1
cluster.23 (2).jpg,1
cluster.23.jpg,1
cluster.232.jpg,1
cluster.234.jpg,1
cluster.235.jpg,1
cluster.24 (2).jpg,1
cluster.24.jpg,1
cluster.240.jpg,1
cluster.244.jpg,1
cluster.245.jpg,1
cluster.247.jpg,1
cluster.248.jpg,1
cluster.249.jpg,1
cluster.250.jpg,1
cluster.251.jpg,1
cluster.252.jpg,1
cluster.253.jpg,1
cluster.258.jpg,1
cluster.259.jpg,1
cluster.26 (2).jpg,1
cluster.26.jpg,1
cluster.261.jpg,1
cluster.263.jpg,1
cluster.264.jpg,1
cluster.265.jpg,1
cluster.266.jpg,1
cluster.267.jpg,1
cluster.27 (2).jpg,1
cluster.27.jpg,1
cluster.274.jpg,1
cluster.275.jpg,1
cluster.276.jpg,1
cluster.278.jpg,1
cluster.28 (2).jpg,1
cluster.28.jpg,1
cluster.280.jpg,1
cluster.281.jpg,1
cluster.282.jpg,1
cluster.284.jpg,1
cluster.285.jpg,1
cluster.287.jpg,1
cluster.288.jpg,1
cluster.290.jpg,1
cluster.292.jpg,1
cluster.294.jpg,1
cluster.295.jpg,1
cluster.298.jpg,1
cluster.299.jpg,1
cluster.3 (2).jpg,1
cluster.3.jpg,1
cluster.30 (2).jpg,1
cluster.30.jpg,1
cluster.301.jpg,1
cluster.303.jpg,1
cluster.305.jpg,1
cluster.306.jpg,1
cluster.308.jpg,1
cluster.309.jpg,1
cluster.31 (2).jpg,1
cluster.31.jpg,1
cluster.310.jpg,1
cluster.311.jpg,1
cluster.312.jpg,1
cluster.313.jpg,1
cluster.314.jpg,1
cluster.316.jpg,1
cluster.317.jpg,1
cluster.319.jpg,1
cluster.32 (2).jpg,1
cluster.32.jpg,1
cluster.320.jpg,1
cluster.322.jpg,1
cluster.324.jpg,1
cluster.328.jpg,1
cluster.33 (2).jpg,1
cluster.33.jpg,1
cluster.330.jpg,1
cluster.332.jpg,1
cluster.333.jpg,1
cluster.334.jpg,1
cluster.335.jpg,1
cluster.336.jpg,1
cluster.337.jpg,1
cluster.338.jpg,1
cluster.339.jpg,1
cluster.34 (2).jpg,1
cluster.34.jpg,1
cluster.340.jpg,1
cluster.341.jpg,1
cluster.342.jpg,1
cluster.344.jpg,1
cluster.345.jpg,1
cluster.346.jpg,1
cluster.348.jpg,1
cluster.349.jpg,1
cluster.35 (2).jpg,1
cluster.35.jpg,1
cluster.350.jpg,1
cluster.351.jpg,1
cluster.352.jpg,1
cluster.353.jpg,1
cluster.354.jpg,1
cluster.356.jpg,1
cluster.357.jpg,1
cluster.359.jpg,1
cluster.360.jpg,1
cluster.361.jpg,1
cluster.362.jpg,1
cluster.363.jpg,1
cluster.365.jpg,1
cluster.366.jpg,1
cluster.369.jpg,1
cluster.37 (2).jpg,1
cluster.37.jpg,1
cluster.370.jpg,1
cluster.371.jpg,1
cluster.373.jpg,1
cluster.376.jpg,1
cluster.377.jpg,1
cluster.379.jpg,1
cluster.38 (2).jpg,1
cluster.38.jpg,1
cluster.380.jpg,1
cluster.382.jpg,1
cluster.383.jpg,1
cluster.384.jpg,1
cluster.385.jpg,1
cluster.386.jpg,1
cluster.387.jpg,1
cluster.389.jpg,1
cluster.39 (2).jpg,1
cluster.39.jpg,1
cluster.390.jpg,1
cluster.391.jpg,1
cluster.392.jpg,1
cluster.393.jpg,1
cluster.394.jpg,1
cluster.398.jpg,1
cluster.399.jpg,1
cluster.4 (2).jpg,1
cluster.4.jpg,1
cluster.401.jpg,1
cluster.402.jpg,1
cluster.403.jpg,1
cluster.404.jpg,1
cluster.405.jpg,1
cluster.406.jpg,1
cluster.407.jpg,1
cluster.408.jpg,1
cluster.409.jpg,1
cluster.410.jpg,1
cluster.411.jpg,1
cluster.412.jpg,1
cluster.413.jpg,1
cluster.414.jpg,1
cluster.415.jpg,1
cluster.416.jpg,1
cluster.417.jpg,1
cluster.418.jpg,1
cluster.419.jpg,1
cluster.420.jpg,1
cluster.421.jpg,1
cluster.422.jpg,1
cluster.423.jpg,1
cluster.424.jpg,1
cluster.425.jpg,1
cluster.426.jpg,1
cluster.427.jpg,1
cluster.428.jpg,1
cluster.429.jpg,1
cluster.43 (2).jpg,1
cluster.43.jpg,1
cluster.430.jpg,1
cluster.431.jpg,1
cluster.432.jpg,1
cluster.433.jpg,1
cluster.434.jpg,1
cluster.435.jpg,1
cluster.436.jpg,1
cluster.437.jpg,1
cluster.438.jpg,1
cluster.439.jpg,1
cluster.44 (2).jpg,1
cluster.44.jpg,1
cluster.440.jpg,1
cluster.441.jpg,1
cluster.442.jpg,1
cluster.443.jpg,1
cluster.444.jpg,1
cluster.445.jpg,1
cluster.446.jpg,1
cluster.447.jpg,1
cluster.448.jpg,1
cluster.449.jpg,1
cluster.45 (2).jpg,1
cluster.45.jpg,1
cluster.450.jpg,1
cluster.451.jpg,1
cluster.452.jpg,1
cluster.453.jpg,1
cluster.454.jpg,1
cluster.455.jpg,1
cluster.456.jpg,1
cluster.457.jpg,1
cluster.458.jpg,1
cluster.459.jpg,1
cluster.46 (2).jpg,1
cluster.46.jpg,1
cluster.460.jpg,1
cluster.461.jpg,1
cluster.462.jpg,1
cluster.463.jpg,1
cluster.464.jpg,1
cluster.465.jpg,1
cluster.466.jpg,1
cluster.467.jpg,1
cluster.468.jpg,1
cluster.469.jpg,1
cluster.470.jpg,1
cluster.471.jpg,1
cluster.472.jpg,1
cluster.473.jpg,1
cluster.474.jpg,1
cluster.475.jpg,1
cluster.476.jpg,1
cluster.477.jpg,1
cluster.478.jpg,1
cluster.479.jpg,1
cluster.480.jpg,1
cluster.481.jpg,1
cluster.482.jpg,1
cluster.483.jpg,1
cluster.484.jpg,1
cluster.485.jpg,1
cluster.486.jpg,1
cluster.487.jpg,1
cluster.488.jpg,1
cluster.489.jpg,1
cluster.49 (2).jpg,1
cluster.49.jpg,1
cluster.490.jpg,1
cluster.491.jpg,1
cluster.492.jpg,1
cluster.493.jpg,1
cluster.494.jpg,1
cluster.495.jpg,1
cluster.496.jpg,1
cluster.497.jpg,1
cluster.498.jpg,1
cluster.499.jpg,1
cluster.5 (2).jpg,1
cluster.5.jpg,1
cluster.500.jpg,1
cluster.501.jpg,1
cluster.502.jpg,1
cluster.503.jpg,1
cluster.504.jpg,1
cluster.505.jpg,1
cluster.506.jpg,1
cluster.507.jpg,1
cluster.508.jpg,1
cluster.509.jpg,1
cluster.510.jpg,1
cluster.511.jpg,1
cluster.512.jpg,1
cluster.513.jpg,1
cluster.514.jpg,1
cluster.515.jpg,1
cluster.516.jpg,1
cluster.517.jpg,1
cluster.518.jpg,1
cluster.519.jpg,1
cluster.52 (2).jpg,1
cluster.52.jpg,1
cluster.520.jpg,1
cluster.521.jpg,1
cluster.522.jpg,1
cluster.523.jpg,1
cluster.524.jpg,1
cluster.525.jpg,1
cluster.526.jpg,1
cluster.527.jpg,1
cluster.528.jpg,1
cluster.529.jpg,1
cluster.530.jpg,1
cluster.531.jpg,1
cluster.532.jpg,1
cluster.533.jpg,1
cluster.534.jpg,1
cluster.535.jpg,1
cluster.536.jpg,1
cluster.537.jpg,1
cluster.538.jpg,1
cluster.539.jpg,1
cluster.540.jpg,1
cluster.541.jpg,1
cluster.542.jpg,1
cluster.543.jpg,1
cluster.544.jpg,1
cluster.545.jpg,1
cluster.546.jpg,1
cluster.547.jpg,1
cluster.548.jpg,1
cluster.549.jpg,1
cluster.550.jpg,1
cluster.551.jpg,1
cluster.552.jpg,1
cluster.553.jpg,1
cluster.554.jpg,1
cluster.555.jpg,1
cluster.556.jpg,1
cluster.557.jpg,1
cluster.558.jpg,1
cluster.559.jpg,1
cluster.560.jpg,1
cluster.561.jpg,1
cluster.562.jpg,1
cluster.563.jpg,1
cluster.564.jpg,1
cluster.565.jpg,1
cluster.566.jpg,1
cluster.567.jpg,1
cluster.568.jpg,1
cluster.569.jpg,1
cluster.57 (2).jpg,1
cluster.57.jpg,1
cluster.570.jpg,1
cluster.571.jpg,1
cluster.572.jpg,1
cluster.573.jpg,1
cluster.574.jpg,1
cluster.575.jpg,1
cluster.576.jpg,1
cluster.577.jpg,1
cluster.578.jpg,1
cluster.579.jpg,1
cluster.58 (2).jpg,1
cluster.58.jpg,1
cluster.580.jpg,1
cluster.581.jpg,1
cluster.582.jpg,1
cluster.583.jpg,1
cluster.584.jpg,1
cluster.585.jpg,1
cluster.586.jpg,1
cluster.587.jpg,1
cluster.588.jpg,1
cluster.589.jpg,1
cluster.59 (2).jpg,1
cluster.59.jpg,1
cluster.590.jpg,1
cluster.591.jpg,1
cluster.592.jpg,1
cluster.593.jpg,1
cluster.594.jpg,1
cluster.595.jpg,1
cluster.596.jpg,1
cluster.597.jpg,1
cluster.598.jpg,1
cluster.599.jpg,1
cluster.6 (2).jpg,1
cluster.6.jpg,1
cluster.60 (2).jpg,1
cluster.60.jpg,1
cluster.600.jpg,1
cluster.601.jpg,1
cluster.602.jpg,1
cluster.603.jpg,1
cluster.604.jpg,1
cluster.605.jpg,1
cluster.606.jpg,1
cluster.607.jpg,1
cluster.608.jpg,1
cluster.609.jpg,1
cluster.61 (2).jpg,1
cluster.61.jpg,1
cluster.610.jpg,1
cluster.611.jpg,1
cluster.612.jpg,1
cluster.613.jpg,1
cluster.614.jpg,1
cluster.615.jpg,1
cluster.616.jpg,1
cluster.617.jpg,1
cluster.618.jpg,1
cluster.619.jpg,1
cluster.620.jpg,1
cluster.621.jpg,1
cluster.622.jpg,1
cluster.623.jpg,1
cluster.624.jpg,1
cluster.625.jpg,1
cluster.626.jpg,1
cluster.627.jpg,1
cluster.628.jpg,1
cluster.629.jpg,1
cluster.630.jpg,1
cluster.631.jpg,1
cluster.632.jpg,1
cluster.633.jpg,1
cluster.634.jpg,1
cluster.635.jpg,1
cluster.636.jpg,1
cluster.637.jpg,1
cluster.638.jpg,1
cluster.639.jpg,1
cluster.64 (2).jpg,1
cluster.64.jpg,1
cluster.640.jpg,1
cluster.641.jpg,1
cluster.642.jpg,1
cluster.643.jpg,1
cluster.644.jpg,1
cluster.645.jpg,1
cluster.646.jpg,1
cluster.647.jpg,1
cluster.648.jpg,1
cluster.649.jpg,1
cluster.65 (2).jpg,1
cluster.65.jpg,1
cluster.650.jpg,1
cluster.651.jpg,1
cluster.652.jpg,1
cluster.653.jpg,1
cluster.654.jpg,1
cluster.655.jpg,1
cluster.656.jpg,1
cluster.657.jpg,1
cluster.658.jpg,1
cluster.659.jpg,1
cluster.66 (2).jpg,1
cluster.66.jpg,1
cluster.660.jpg,1
cluster.661.jpg,1
cluster.662.jpg,1
cluster.663.jpg,1
cluster.664.jpg,1
cluster.665.jpg,1
cluster.666.jpg,1
cluster.667.jpg,1
cluster.668.jpg,1
cluster.669.jpg,1
cluster.67 (2).jpg,1
cluster.67.jpg,1
cluster.670.jpg,1
cluster.671.jpg,1
cluster.672.jpg,1
cluster.673.jpg,1
cluster.674 (2).jpg,1
cluster.674.jpg,1
cluster.675 (2).jpg,1
cluster.675.jpg,1
cluster.676.jpg,1
cluster.677.jpg,1
cluster.678.jpg,1
cluster.679.jpg,1
cluster.68 (2).jpg,1
cluster.68.jpg,1
cluster.680 (2).jpg,1
cluster.680.jpg,1
cluster.681.jpg,1
cluster.682.jpg,1
cluster.683 (2).jpg,1
cluster.683.jpg,1
cluster.684 (2).jpg,1
cluster.684.jpg,1
cluster.685 (2).jpg,1
cluster.685.jpg,1
cluster.686.jpg,1
cluster.687 (2).jpg,1
cluster.687.jpg,1
cluster.688.jpg,1
cluster.689.jpg,1
cluster.69 (2).jpg,1
cluster.69.jpg,1
cluster.690.jpg,1
cluster.691 (2).jpg,1
cluster.691.jpg,1
cluster.692 (2).jpg,1
cluster.692.jpg,1
cluster.693.jpg,1
cluster.694 (2).jpg,1
cluster.694.jpg,1
cluster.695.jpg,1
cluster.696 (2).jpg,1
cluster.696.jpg,1
cluster.697.jpg,1
cluster.698.jpg,1
cluster.699 (2).jpg,1
cluster.699.jpg,1
cluster.7 (2).jpg,1
cluster.7.jpg,1
cluster.70 (2).jpg,1
cluster.70.jpg,1
cluster.700 (2).jpg,1
cluster.700.jpg,1
cluster.701 (2).jpg,1
cluster.701.jpg,1
cluster.702 (2).jpg,1
cluster.702.jpg,1
cluster.703 (2).jpg,1
cluster.703.jpg,1
cluster.704 (2).jpg,1
cluster.704.jpg,1
cluster.705 (2).jpg,1
cluster.705.jpg,1
cluster.706.jpg,1
cluster.707 (2).jpg,1
cluster.707.jpg,1
cluster.708 (2).jpg,1
cluster.708.jpg,1
cluster.709.jpg,1
cluster.71 (2).jpg,1
cluster.71.jpg,1
cluster.710 (2).jpg,1
cluster.710.jpg,1
cluster.711 (2).jpg,1
cluster.711.jpg,1
cluster.712 (2).jpg,1
cluster.712.jpg,1
cluster.713 (2).jpg,1
cluster.713.jpg,1
cluster.714.jpg,1
cluster.715.jpg,1
cluster.716 (2).jpg,1
cluster.716.jpg,1
cluster.717 (2).jpg,1
cluster.717.jpg,1
cluster.718 (2).jpg,1
cluster.718.jpg,1
cluster.719 (2).jpg,1
cluster.719.jpg,1
cluster.720 (2).jpg,1
cluster.720.jpg,1
cluster.721.jpg,1
cluster.722 (2).jpg,1
cluster.722.jpg,1
cluster.723 (2).jpg,1
cluster.723.jpg,1
cluster.724.jpg,1
cluster.725 (2).jpg,1
cluster.725.jpg,1
cluster.726.jpg,1
cluster.727.jpg,1
cluster.728 (2).jpg,1
cluster.728.jpg,1
cluster.729 (2).jpg,1
cluster.729.jpg,1
cluster.730 (2).jpg,1
cluster.730.jpg,1
cluster.731 (2).jpg,1
cluster.731.jpg,1
cluster.732 (2).jpg,1
cluster.732.jpg,1
cluster.733.jpg,1
cluster.734 (2).jpg,1
cluster.734.jpg,1
cluster.735 (2).jpg,1
cluster.735.jpg,1
cluster.736.jpg,1
cluster.737 (2).jpg,1
cluster.737.jpg,1
cluster.738 (2).jpg,1
cluster.738.jpg,1
cluster.739.jpg,1
cluster.74 (2).jpg,1
cluster.74.jpg,1
cluster.740 (2).jpg,1
cluster.740.jpg,1
cluster.741 (2).jpg,1
cluster.741.jpg,1
cluster.742.jpg,1
cluster.743.jpg,1
cluster.744.jpg,1
cluster.745.jpg,1
cluster.746 (2).jpg,1
cluster.746.jpg,1
cluster.747 (2).jpg,1
cluster.747.jpg,1
cluster.748.jpg,1
cluster.749.jpg,1
cluster.75 (2).jpg,1
cluster.75.jpg,1
cluster.750 (2).jpg,1
cluster.750.jpg,1
cluster.751 (2).jpg,1
cluster.751.jpg,1
cluster.752 (2).jpg,1
cluster.752.jpg,1
cluster.753 (2).jpg,1
cluster.753.jpg,1
cluster.754 (2).jpg,1
cluster.754.jpg,1
cluster.755 (2).jpg,1
cluster.755.jpg,1
cluster.756 (2).jpg,1
cluster.756.jpg,1
cluster.757 (2).jpg,1
cluster.757.jpg,1
cluster.758 (2).jpg,1
cluster.758.jpg,1
cluster.759 (2).jpg,1
cluster.759.jpg,1
cluster.760.jpg,1
cluster.761 (2).jpg,1
cluster.761.jpg,1
cluster.762 (2).jpg,1
cluster.762.jpg,1
cluster.763.jpg,1
cluster.764.jpg,1
cluster.765.jpg,1
cluster.766.jpg,1
cluster.767 (2).jpg,1
cluster.767.jpg,1
cluster.768 (2).jpg,1
cluster.768.jpg,1
cluster.769 (2).jpg,1
cluster.769.jpg,1
cluster.77 (2).jpg,1
cluster.77.jpg,1
cluster.770.jpg,1
cluster.771.jpg,1
cluster.772.jpg,1
cluster.773.jpg,1
cluster.774.jpg,1
cluster.775 (2).jpg,1
cluster.775.jpg,1
cluster.776 (2).jpg,1
cluster.776.jpg,1
cluster.777.jpg,1
cluster.778 (2).jpg,1
cluster.778.jpg,1
cluster.779 (2).jpg,1
cluster.779.jpg,1
cluster.780.jpg,1
cluster.781 (2).jpg,1
cluster.781.jpg,1
cluster.782.jpg,1
cluster.783 (2).jpg,1
cluster.783.jpg,1
cluster.784 (2).jpg,1
cluster.784.jpg,1
cluster.785.jpg,1
cluster.786.jpg,1
cluster.787.jpg,1
cluster.788 (2).jpg,1
cluster.788.jpg,1
cluster.789 (2).jpg,1
cluster.789.jpg,1
cluster.790.jpg,1
cluster.791 (2).jpg,1
cluster.791.jpg,1
cluster.792.jpg,1
cluster.793.jpg,1
cluster.794.jpg,1
cluster.795.jpg,1
cluster.796.jpg,1
cluster.797 (2).jpg,1
cluster.797.jpg,1
cluster.798.jpg,1
cluster.799.jpg,1
cluster.8 (2).jpg,1
cluster.8.jpg,1
cluster.80 (2).jpg,1
cluster.80.jpg,1
cluster.800.jpg,1
cluster.801 (2).jpg,1
cluster.801.jpg,1
cluster.802.jpg,1
cluster.803.jpg,1
cluster.804.jpg,1
cluster.805.jpg,1
cluster.806.jpg,1
cluster.807.jpg,1
cluster.808.jpg,1
cluster.809.jpg,1
cluster.810.jpg,1
cluster.811.jpg,1
cluster.812.jpg,1
cluster.813.jpg,1
cluster.814.jpg,1
cluster.815.jpg,1
cluster.816.jpg,1
cluster.817.jpg,1
cluster.818.jpg,1
cluster.819.jpg,1
cluster.82 (2).jpg,1
cluster.82.jpg,1
cluster.820.jpg,1
cluster.821.jpg,1
cluster.822.jpg,1
cluster.823.jpg,1
cluster.824.jpg,1
cluster.825.jpg,1
cluster.826.jpg,1
cluster.827.jpg,1
cluster.828.jpg,1
cluster.829.jpg,1
cluster.830.jpg,1
cluster.831.jpg,1
cluster.832.jpg,1
cluster.833.jpg,1
cluster.834.jpg,1
cluster.835.jpg,1
cluster.836.jpg,1
cluster.837.jpg,1
cluster.838.jpg,1
cluster.839.jpg,1
cluster.84 (2).jpg,1
cluster.84.jpg,1
cluster.840.jpg,1
cluster.841.jpg,1
cluster.842.jpg,1
cluster.843.jpg,1
cluster.844.jpg,1
cluster.845.jpg,1
cluster.846.jpg,1
cluster.847.jpg,1
cluster.848.jpg,1
cluster.849.jpg,1
cluster.85 (2).jpg,1
cluster.85.jpg,1
cluster.850.jpg,1
cluster.851.jpg,1
cluster.852.jpg,1
cluster.853.jpg,1
cluster.854.jpg,1
cluster.855.jpg,1
cluster.856.jpg,1
cluster.857.jpg,1
cluster.858.jpg,1
cluster.859.jpg,1
cluster.860.jpg,1
cluster.861.jpg,1
cluster.862.jpg,1
cluster.863.jpg,1
cluster.864.jpg,1
cluster.865.jpg,1
cluster.866.jpg,1
cluster.867.jpg,1
cluster.868.jpg,1
cluster.869.jpg,1
cluster.87 (2).jpg,1
cluster.87.jpg,1
cluster.870.jpg,1
cluster.871.jpg,1
cluster.872.jpg,1
cluster.873.jpg,1
cluster.874.jpg,1
cluster.875.jpg,1
cluster.876.jpg,1
cluster.877.jpg,1
cluster.878.jpg,1
cluster.879.jpg,1
cluster.880.jpg,1
cluster.881.jpg,1
cluster.882.jpg,1
cluster.883.jpg,1
cluster.884.jpg,1
cluster.885.jpg,1
cluster.886.jpg,1
cluster.887.jpg,1
cluster.888.jpg,1
cluster.889.jpg,1
cluster.89 (2).jpg,1
cluster.89.jpg,1
cluster.890.jpg,1
cluster.9 (2).jpg,1
cluster.9.jpg,1
cluster.91 (2).jpg,1
cluster.91.jpg,1
cluster.92 (2).jpg,1
cluster.92.jpg,1
cluster.93 (2).jpg,1
cluster.93.jpg,1
cluster.96 (2).jpg,1
cluster.96.jpg,1
cluster.98 (2).jpg,1
cluster.98.jpg,1
non_cluster.1 (2).jpg,0
non_cluster.1.jpg,0
non_cluster.100 (2).jpg,0
non_cluster.100.jpg,0
non_cluster.1007.jpg,0
non_cluster.1009.jpg,0
non_cluster.101 (2).jpg,0
non_cluster.101.jpg,0
non_cluster.1010.jpg,0
non_cluster.1013.jpg,0
non_cluster.1015.jpg,0
non_cluster.1018.jpg,0
non_cluster.102 (2).jpg,0
non_cluster.102.jpg,0
non_cluster.1020.jpg,0
non_cluster.1021.jpg,0
non_cluster.1022.jpg,0
non_cluster.1023.jpg,0
non_cluster.1024.jpg,0
non_cluster.1026.jpg,0
non_cluster.1029.jpg,0
non_cluster.103 (2).jpg,0
non_cluster.103.jpg,0
non_cluster.1030.jpg,0
non_cluster.1031.jpg,0
non_cluster.1032.jpg,0
non_cluster.1037.jpg,0
non_cluster.1038.jpg,0
non_cluster.104 (2).jpg,0
non_cluster.104.jpg,0
non_cluster.1040.jpg,0
non_cluster.1042.jpg,0
non_cluster.105 (2).jpg,0
non_cluster.105.jpg,0
non_cluster.1050.jpg,0
non_cluster.1053.jpg,0
non_cluster.1054.jpg,0
non_cluster.1056.jpg,0
non_cluster.1058.jpg,0
non_cluster.106 (2).jpg,0
non_cluster.106.jpg,0
non_cluster.1060.jpg,0
non_cluster.1068.jpg,0
non_cluster.1069.jpg,0
non_cluster.107 (2).jpg,0
non_cluster.107.jpg,0
non_cluster.1071.jpg,0
non_cluster.1072.jpg,0
non_cluster.1073.jpg,0
non_cluster.1074.jpg,0
non_cluster.1077.jpg,0
non_cluster.1078.jpg,0
non_cluster.1079.jpg,0
non_cluster.108 (2).jpg,0
non_cluster.108.jpg,0
non_cluster.1080.jpg,0
non_cluster.1082.jpg,0
non_cluster.1084.jpg,0
non_cluster.1087.jpg,0
non_cluster.1088.jpg,0
non_cluster.1089.jpg,0
non_cluster.1090.jpg,0
non_cluster.1092.jpg,0
non_cluster.1094.jpg,0
non_cluster.1096.jpg,0
non_cluster.1097.jpg,0
non_cluster.1098.jpg,0
non_cluster.1099.jpg,0
non_cluster.11 (2).jpg,0
non_cluster.11.jpg,0
non_cluster.110 (2).jpg,0
non_cluster.110.jpg,0
non_cluster.1100.jpg,0
non_cluster.1101.jpg,0
non_cluster.1102.jpg,0
non_cluster.1103.jpg,0
non_cluster.1104.jpg,0
non_cluster.1105.jpg,0
non_cluster.1106.jpg,0
non_cluster.1107.jpg,0
non_cluster.1116.jpg,0
non_cluster.1118.jpg,0
non_cluster.112 (2).jpg,0
non_cluster.112.jpg,0
non_cluster.1120.jpg,0
non_cluster.1121.jpg,0
non_cluster.1123.jpg,0
non_cluster.1127.jpg,0
non_cluster.1128.jpg,0
non_cluster.1129.jpg,0
non_cluster.1131.jpg,0
non_cluster.114 (2).jpg,0
non_cluster.114.jpg,0
non_cluster.115 (2).jpg,0
non_cluster.115.jpg,0
non_cluster.116.jpg,0
non_cluster.118.jpg,0
non_cluster.121.jpg,0
non_cluster.122.jpg,0
non_cluster.123.jpg,0
non_cluster.124.jpg,0
non_cluster.125.jpg,0
non_cluster.126.jpg,0
non_cluster.127.jpg,0
non_cluster.128.jpg,0
non_cluster.129.jpg,0
non_cluster.130.jpg,0
non_cluster.131.jpg,0
non_cluster.132.jpg,0
non_cluster.133.jpg,0
non_cluster.134.jpg,0
non_cluster.135.jpg,0
non_cluster.136.jpg,0
non_cluster.137.jpg,0
non_cluster.138.jpg,0
non_cluster.139.jpg,0
non_cluster.14 (2).jpg,0
non_cluster.14.jpg,0
non_cluster.140.jpg,0
non_cluster.141.jpg,0
non_cluster.142.jpg,0
non_cluster.144.jpg,0
non_cluster.145.jpg,0
non_cluster.146.jpg,0
non_cluster.147.jpg,0
non_cluster.148.jpg,0
non_cluster.149.jpg,0
non_cluster.15 (2).jpg,0
non_cluster.15.jpg,0
non_cluster.150.jpg,0
non_cluster.151.jpg,0
non_cluster.152.jpg,0
non_cluster.153.jpg,0
non_cluster.155.jpg,0
non_cluster.157.jpg,0
non_cluster.158.jpg,0
non_cluster.159.jpg,0
non_cluster.160.jpg,0
non_cluster.161.jpg,0
non_cluster.163.jpg,0
non_cluster.164.jpg,0
non_cluster.166.jpg,0
non_cluster.167.jpg,0
non_cluster.168.jpg,0
non_cluster.17 (2).jpg,0
non_cluster.17.jpg,0
non_cluster.170.jpg,0
non_cluster.172.jpg,0
non_cluster.173.jpg,0
non_cluster.175.jpg,0
non_cluster.176.jpg,0
non_cluster.177.jpg,0
non_cluster.178.jpg,0
non_cluster.179.jpg,0
non_cluster.1797.jpg,0
non_cluster.18 (2).jpg,0
non_cluster.18.jpg,0
non_cluster.1807.jpg,0
non_cluster.1811.jpg,0
non_cluster.1812.jpg,0
non_cluster.1814.jpg,0
non_cluster.1816.jpg,0
non_cluster.1817.jpg,0
non_cluster.1818.jpg,0
non_cluster.182.jpg,0
non_cluster.1820.jpg,0
non_cluster.1821.jpg,0
non_cluster.1822.jpg,0
non_cluster.1823.jpg,0
non_cluster.1825.jpg,0
non_cluster.1826.jpg,0
non_cluster.1827.jpg,0
non_cluster.1828.jpg,0
non_cluster.183.jpg,0
non_cluster.1830.jpg,0
non_cluster.1831.jpg,0
non_cluster.1834 (2).jpg,0
non_cluster.1834.jpg,0
non_cluster.1836 (2).jpg,0
non_cluster.1836.jpg,0
non_cluster.1837 (2).jpg,0
non_cluster.1837.jpg,0
non_cluster.1839 (2).jpg,0
non_cluster.1839.jpg,0
non_cluster.1840 (2).jpg,0
non_cluster.1840.jpg,0
non_cluster.1842 (2).jpg,0
non_cluster.1842.jpg,0
non_cluster.1843 (2).jpg,0
non_cluster.1843.jpg,0
non_cluster.1844 (2).jpg,0
non_cluster.1844.jpg,0
non_cluster.1845 (2).jpg,0
non_cluster.1845.jpg,0
non_cluster.1847 (2).jpg,0
non_cluster.1847.jpg,0
non_cluster.1848 (2).jpg,0
non_cluster.1848.jpg,0
non_cluster.1849 (2).jpg,0
non_cluster.1849.jpg,0
non_cluster.185.jpg,0
non_cluster.1850 (2).jpg,0
non_cluster.1850.jpg,0
non_cluster.1851 (2).jpg,0
non_cluster.1851.jpg,0
non_cluster.1852 (2).jpg,0
non_cluster.1852.jpg,0
non_cluster.1855 (2).jpg,0
non_cluster.1855.jpg,0
non_cluster.1857.jpg,0
non_cluster.1858 (2).jpg,0
non_cluster.1858.jpg,0
non_cluster.1859 (2).jpg,0
non_cluster.1859.jpg,0
non_cluster.186.jpg,0
non_cluster.1860 (2).jpg,0
non_cluster.1860.jpg,0
non_cluster.1861 (2).jpg,0
non_cluster.1861.jpg,0
non_cluster.1862 (2).jpg,0
non_cluster.1862.jpg,0
non_cluster.1863.jpg,0
non_cluster.1864 (2).jpg,0
non_cluster.1864.jpg,0
non_cluster.1866 (2).jpg,0
non_cluster.1866.jpg,0
non_cluster.1868 (2).jpg,0
non_cluster.1868.jpg,0
non_cluster.1872 (2).jpg,0
non_cluster.1872.jpg,0
non_cluster.1873 (2).jpg,0
non_cluster.1873.jpg,0
non_cluster.1875 (2).jpg,0
non_cluster.1875.jpg,0
non_cluster.1876 (2).jpg,0
non_cluster.1876.jpg,0
non_cluster.1877.jpg,0
non_cluster.1878 (2).jpg,0
non_cluster.1878.jpg,0
non_cluster.1879.jpg,0
non_cluster.188.jpg,0
non_cluster.1880 (2).jpg,0
non_cluster.1880.jpg,0
non_cluster.1881 (2).jpg,0
non_cluster.1881.jpg,0
non_cluster.1882 (2).jpg,0
non_cluster.1882.jpg,0
non_cluster.1883 (2).jpg,0
non_cluster.1883.jpg,0
non_cluster.1884.jpg,0
non_cluster.1885 (2).jpg,0
non_cluster.1885.jpg,0
non_cluster.1886 (2).jpg,0
non_cluster.1886.jpg,0
non_cluster.1887 (2).jpg,0
non_cluster.1887.jpg,0
non_cluster.1888 (2).jpg,0
non_cluster.1888.jpg,0
non_cluster.1889.jpg,0
non_cluster.189.jpg,0
non_cluster.1890 (2).jpg,0
non_cluster.1890.jpg,0
non_cluster.1891.jpg,0
non_cluster.1893 (2).jpg,0
non_cluster.1893.jpg,0
non_cluster.1894.jpg,0
non_cluster.1895 (2).jpg,0
non_cluster.1895.jpg,0
non_cluster.1896 (2).jpg,0
non_cluster.1896.jpg,0
non_cluster.1898 (2).jpg,0
non_cluster.1898.jpg,0
non_cluster.1899.jpg,0
non_cluster.19 (2).jpg,0
non_cluster.19.jpg,0
non_cluster.190.jpg,0
non_cluster.1900 (2).jpg,0
non_cluster.1900.jpg,0
non_cluster.1903 (2).jpg,0
non_cluster.1903.jpg,0
non_cluster.1905 (2).jpg,0
non_cluster.1905.jpg,0
non_cluster.1911 (2).jpg,0
non_cluster.1911.jpg,0
non_cluster.1915.jpg,0
non_cluster.1918 (2).jpg,0
non_cluster.1918.jpg,0
non_cluster.1919 (2).jpg,0
non_cluster.1919.jpg,0
non_cluster.192.jpg,0
non_cluster.1920 (2).jpg,0
non_cluster.1920.jpg,0
non_cluster.1921 (2).jpg,0
non_cluster.1921.jpg,0
non_cluster.1924.jpg,0
non_cluster.1926.jpg,0
non_cluster.1927.jpg,0
non_cluster.193.jpg,0
non_cluster.194.jpg,0
non_cluster.1940.jpg,0
non_cluster.1943.jpg,0
non_cluster.1945.jpg,0
non_cluster.1946.jpg,0
non_cluster.1947 (2).jpg,0
non_cluster.1947.jpg,0
non_cluster.195.jpg,0
non_cluster.1954.jpg,0
non_cluster.1955.jpg,0
non_cluster.1956.jpg,0
non_cluster.1958.jpg,0
non_cluster.196.jpg,0
non_cluster.1960.jpg,0
non_cluster.1961.jpg,0
non_cluster.1962.jpg,0
non_cluster.1967.jpg,0
non_cluster.1970.jpg,0
non_cluster.1971.jpg,0
non_cluster.1972.jpg,0
non_cluster.1973 (2).jpg,0
non_cluster.1973.jpg,0
non_cluster.1974.jpg,0
non_cluster.1976.jpg,0
non_cluster.1978.jpg,0
non_cluster.1979.jpg,0
non_cluster.198.jpg,0
non_cluster.1980.jpg,0
non_cluster.1981.jpg,0
non_cluster.1982.jpg,0
non_cluster.1983.jpg,0
non_cluster.1984.jpg,0
non_cluster.1985.jpg,0
non_cluster.1988.jpg,0
non_cluster.1989 (2).jpg,0
non_cluster.1989.jpg,0
non_cluster.199.jpg,0
non_cluster.1991.jpg,0
non_cluster.1992.jpg,0
non_cluster.1993.jpg,0
non_cluster.1996.jpg,0
non_cluster.1998.jpg,0
non_cluster.1999.jpg,0
non_cluster.20 (2).jpg,0
non_cluster.20.jpg,0
non_cluster.200.jpg,0
non_cluster.2000.jpg,0
non_cluster.203.jpg,0
non_cluster.204.jpg,0
non_cluster.207.jpg,0
non_cluster.208.jpg,0
non_cluster.209.jpg,0
non_cluster.210.jpg,0
non_cluster.211.jpg,0
non_cluster.212.jpg,0
non_cluster.214.jpg,0
non_cluster.215.jpg,0
non_cluster.216.jpg,0
non_cluster.217.jpg,0
non_cluster.218.jpg,0
non_cluster.219.jpg,0
non_cluster.22 (2).jpg,0
non_cluster.22.jpg,0
non_cluster.220.jpg,0
non_cluster.221.jpg,0
non_cluster.222.jpg,0
non_cluster.223.jpg,0
non_cluster.224.jpg,0
non_cluster.225.jpg,0
non_cluster.226.jpg,0
non_cluster.227.jpg,0
non_cluster.229.jpg,0
non_cluster.231.jpg,0
non_cluster.233.jpg,0
non_cluster.235.jpg,0
non_cluster.236.jpg,0
non_cluster.239.jpg,0
non_cluster.24 (2).jpg,0
non_cluster.24.jpg,0
non_cluster.241.jpg,0
non_cluster.242.jpg,0
non_cluster.243.jpg,0
non_cluster.245.jpg,0
non_cluster.247.jpg,0
non_cluster.250.jpg,0
non_cluster.251.jpg,0
non_cluster.252.jpg,0
non_cluster.254.jpg,0
non_cluster.255.jpg,0
non_cluster.257.jpg,0
non_cluster.258.jpg,0
non_cluster.26 (2).jpg,0
non_cluster.26.jpg,0
non_cluster.260.jpg,0
non_cluster.261.jpg,0
non_cluster.262.jpg,0
non_cluster.263.jpg,0
non_cluster.264.jpg,0
non_cluster.265.jpg,0
non_cluster.266.jpg,0
non_cluster.267.jpg,0
non_cluster.268.jpg,0
non_cluster.269.jpg,0
non_cluster.27 (2).jpg,0
non_cluster.27.jpg,0
non_cluster.270.jpg,0
non_cluster.271.jpg,0
non_cluster.272.jpg,0
non_cluster.273.jpg,0
non_cluster.274.jpg,0
non_cluster.275.jpg,0
non_cluster.277.jpg,0
non_cluster.278.jpg,0
non_cluster.279.jpg,0
non_cluster.28 (2).jpg,0
non_cluster.28.jpg,0
non_cluster.280.jpg,0
non_cluster.281.jpg,0
non_cluster.282.jpg,0
non_cluster.283.jpg,0
non_cluster.284.jpg,0
non_cluster.289.jpg,0
non_cluster.29 (2).jpg,0
non_cluster.29.jpg,0
non_cluster.290.jpg,0
non_cluster.291.jpg,0
non_cluster.295.jpg,0
non_cluster.296.jpg,0
non_cluster.297.jpg,0
non_cluster.298.jpg,0
non_cluster.299.jpg,0
non_cluster.301.jpg,0
non_cluster.305.jpg,0
non_cluster.308.jpg,0
non_cluster.309.jpg,0
non_cluster.31 (2).jpg,0
non_cluster.31.jpg,0
non_cluster.311.jpg,0
non_cluster.312.jpg,0
non_cluster.315.jpg,0
non_cluster.317.jpg,0
non_cluster.318.jpg,0
non_cluster.319.jpg,0
non_cluster.32 (2).jpg,0
non_cluster.32.jpg,0
non_cluster.322.jpg,0
non_cluster.323.jpg,0
non_cluster.327.jpg,0
non_cluster.329.jpg,0
non_cluster.333.jpg,0
non_cluster.335.jpg,0
non_cluster.336.jpg,0
non_cluster.337.jpg,0
non_cluster.339.jpg,0
non_cluster.34 (2).jpg,0
non_cluster.34.jpg,0
non_cluster.344.jpg,0
non_cluster.345.jpg,0
non_cluster.347.jpg,0
non_cluster.35 (2).jpg,0
non_cluster.35.jpg,0
non_cluster.350.jpg,0
non_cluster.352.jpg,0
non_cluster.353.jpg,0
non_cluster.354.jpg,0
non_cluster.355.jpg,0
non_cluster.356.jpg,0
non_cluster.357.jpg,0
non_cluster.359.jpg,0
non_cluster.36 (2).jpg,0
non_cluster.36.jpg,0
non_cluster.360.jpg,0
non_cluster.362.jpg,0
non_cluster.364.jpg,0
non_cluster.366.jpg,0
non_cluster.367.jpg,0
non_cluster.37 (2).jpg,0
non_cluster.37.jpg,0
non_cluster.370.jpg,0
non_cluster.371.jpg,0
non_cluster.372.jpg,0
non_cluster.373.jpg,0
non_cluster.374.jpg,0
non_cluster.375.jpg,0
non_cluster.376.jpg,0
non_cluster.377.jpg,0
non_cluster.378.jpg,0
non_cluster.379.jpg,0
non_cluster.38 (2).jpg,0
non_cluster.38.jpg,0
non_cluster.380.jpg,0
non_cluster.381.jpg,0
non_cluster.382.jpg,0
non_cluster.383.jpg,0
non_cluster.384.jpg,0
non_cluster.385.jpg,0
non_cluster.388.jpg,0
non_cluster.39 (2).jpg,0
non_cluster.39.jpg,0
non_cluster.390.jpg,0
non_cluster.391.jpg,0
non_cluster.392.jpg,0
non_cluster.394.jpg,0
non_cluster.395.jpg,0
non_cluster.396.jpg,0
non_cluster.397.jpg,0
non_cluster.399.jpg,0
non_cluster.401.jpg,0
non_cluster.403.jpg,0
non_cluster.404.jpg,0
non_cluster.405.jpg,0
non_cluster.407.jpg,0
non_cluster.408.jpg,0
non_cluster.409.jpg,0
non_cluster.41 (2).jpg,0
non_cluster.41.jpg,0
non_cluster.410.jpg,0
non_cluster.411.jpg,0
non_cluster.413.jpg,0
non_cluster.415.jpg,0
non_cluster.416.jpg,0
non_cluster.417.jpg,0
non_cluster.419.jpg,0
non_cluster.42 (2).jpg,0
non_cluster.42.jpg,0
non_cluster.420.jpg,0
non_cluster.421.jpg,0
non_cluster.422.jpg,0
non_cluster.423.jpg,0
non_cluster.425.jpg,0
non_cluster.427.jpg,0
non_cluster.428.jpg,0
non_cluster.429.jpg,0
non_cluster.43 (2).jpg,0
non_cluster.43.jpg,0
non_cluster.430.jpg,0
non_cluster.432.jpg,0
non_cluster.433.jpg,0
non_cluster.434.jpg,0
non_cluster.437.jpg,0
non_cluster.439.jpg,0
non_cluster.44 (2).jpg,0
non_cluster.44.jpg,0
non_cluster.440.jpg,0
non_cluster.444.jpg,0
non_cluster.447.jpg,0
non_cluster.448.jpg,0
non_cluster.45 (2).jpg,0
non_cluster.45.jpg,0
non_cluster.450.jpg,0
non_cluster.451.jpg,0
non_cluster.452.jpg,0
non_cluster.456.jpg,0
non_cluster.457.jpg,0
non_cluster.46 (2).jpg,0
non_cluster.46.jpg,0
non_cluster.462.jpg,0
non_cluster.464.jpg,0
non_cluster.467.jpg,0
non_cluster.468.jpg,0
non_cluster.469.jpg,0
non_cluster.47 (2).jpg,0
non_cluster.47.jpg,0
non_cluster.472.jpg,0
non_cluster.473.jpg,0
non_cluster.475.jpg,0
non_cluster.476.jpg,0
non_cluster.477.jpg,0
non_cluster.478.jpg,0
non_cluster.479.jpg,0
non_cluster.48 (2).jpg,0
non_cluster.48.jpg,0
non_cluster.480.jpg,0
non_cluster.487.jpg,0
non_cluster.488.jpg,0
non_cluster.49 (2).jpg,0
non_cluster.49.jpg,0
non_cluster.490.jpg,0
non_cluster.497.jpg,0
non_cluster.5 (2).jpg,0
non_cluster.5.jpg,0
non_cluster.50 (2).jpg,0
non_cluster.50.jpg,0
non_cluster.500.jpg,0
non_cluster.502.jpg,0
non_cluster.511.jpg,0
non_cluster.512.jpg,0
non_cluster.513.jpg,0
non_cluster.516.jpg,0
non_cluster.518.jpg,0
non_cluster.52 (2).jpg,0
non_cluster.52.jpg,0
non_cluster.520.jpg,0
non_cluster.53 (2).jpg,0
non_cluster.53.jpg,0
non_cluster.531.jpg,0
non_cluster.533.jpg,0
non_cluster.537.jpg,0
non_cluster.538.jpg,0
non_cluster.540.jpg,0
non_cluster.547.jpg,0
non_cluster.548.jpg,0
non_cluster.55 (2).jpg,0
non_cluster.55.jpg,0
non_cluster.552.jpg,0
non_cluster.553.jpg,0
non_cluster.556.jpg,0
non_cluster.56 (2).jpg,0
non_cluster.56.jpg,0
non_cluster.560.jpg,0
non_cluster.563.jpg,0
non_cluster.565.jpg,0
non_cluster.567.jpg,0
non_cluster.568.jpg,0
non_cluster.570.jpg,0
non_cluster.571.jpg,0
non_cluster.573.jpg,0
non_cluster.578.jpg,0
non_cluster.58 (2).jpg,0
non_cluster.58.jpg,0
non_cluster.59 (2).jpg,0
non_cluster.59.jpg,0
non_cluster.598.jpg,0
non_cluster.6 (2).jpg,0
non_cluster.6.jpg,0
non_cluster.60 (2).jpg,0
non_cluster.60.jpg,0
non_cluster.603.jpg,0
non_cluster.610.jpg,0
non_cluster.616.jpg,0
non_cluster.619.jpg,0
non_cluster.62 (2).jpg,0
non_cluster.62.jpg,0
non_cluster.625.jpg,0
non_cluster.627.jpg,0
non_cluster.628.jpg,0
non_cluster.63 (2).jpg,0
non_cluster.63.jpg,0
non_cluster.633.jpg,0
non_cluster.635.jpg,0
non_cluster.639.jpg,0
non_cluster.64 (2).jpg,0
non_cluster.64.jpg,0
non_cluster.640.jpg,0
non_cluster.647.jpg,0
non_cluster.648.jpg,0
non_cluster.649.jpg,0
non_cluster.65 (2).jpg,0
non_cluster.65.jpg,0
non_cluster.650.jpg,0
non_cluster.654.jpg,0
non_cluster.657.jpg,0
non_cluster.658.jpg,0
non_cluster.659.jpg,0
non_cluster.66 (2).jpg,0
non_cluster.66.jpg,0
non_cluster.660.jpg,0
non_cluster.661.jpg,0
non_cluster.667.jpg,0
non_cluster.668.jpg,0
non_cluster.67 (2).jpg,0
non_cluster.67.jpg,0
non_cluster.677.jpg,0
non_cluster.678.jpg,0
non_cluster.679.jpg,0
non_cluster.68 (2).jpg,0
non_cluster.68.jpg,0
non_cluster.680.jpg,0
non_cluster.684.jpg,0
non_cluster.686.jpg,0
non_cluster.687.jpg,0
non_cluster.69 (2).jpg,0
non_cluster.69.jpg,0
non_cluster.692.jpg,0
non_cluster.694.jpg,0
non_cluster.695.jpg,0
non_cluster.696.jpg,0
non_cluster.697.jpg,0
non_cluster.7 (2).jpg,0
non_cluster.7.jpg,0
non_cluster.70 (2).jpg,0
non_cluster.70.jpg,0
non_cluster.704.jpg,0
non_cluster.706.jpg,0
non_cluster.709.jpg,0
non_cluster.714.jpg,0
non_cluster.715.jpg,0
non_cluster.716.jpg,0
non_cluster.717.jpg,0
non_cluster.719.jpg,0
non_cluster.72 (2).jpg,0
non_cluster.72.jpg,0
non_cluster.720.jpg,0
non_cluster.721.jpg,0
non_cluster.722.jpg,0
non_cluster.724.jpg,0
non_cluster.725.jpg,0
non_cluster.727.jpg,0
non_cluster.728.jpg,0
non_cluster.73 (2).jpg,0
non_cluster.73.jpg,0
non_cluster.731.jpg,0
non_cluster.732.jpg,0
non_cluster.733.jpg,0
non_cluster.734.jpg,0
non_cluster.735.jpg,0
non_cluster.736.jpg,0
non_cluster.737.jpg,0
non_cluster.738.jpg,0
non_cluster.74 (2).jpg,0
non_cluster.74.jpg,0
non_cluster.740.jpg,0
non_cluster.742.jpg,0
non_cluster.746.jpg,0
non_cluster.749.jpg,0
non_cluster.75 (2).jpg,0
non_cluster.75.jpg,0
non_cluster.750.jpg,0
non_cluster.751.jpg,0
non_cluster.752.jpg,0
non_cluster.754.jpg,0
non_cluster.756.jpg,0
non_cluster.758.jpg,0
non_cluster.76 (2).jpg,0
non_cluster.76.jpg,0
non_cluster.760.jpg,0
non_cluster.762.jpg,0
non_cluster.763.jpg,0
non_cluster.765.jpg,0
non_cluster.767.jpg,0
non_cluster.768.jpg,0
non_cluster.769.jpg,0
non_cluster.77 (2).jpg,0
non_cluster.77.jpg,0
non_cluster.770.jpg,0
non_cluster.771.jpg,0
non_cluster.772.jpg,0
non_cluster.773.jpg,0
non_cluster.774.jpg,0
non_cluster.775.jpg,0
non_cluster.776.jpg,0
non_cluster.777.jpg,0
non_cluster.778.jpg,0
non_cluster.779.jpg,0
non_cluster.78 (2).jpg,0
non_cluster.78.jpg,0
non_cluster.780.jpg,0
non_cluster.784.jpg,0
non_cluster.785.jpg,0
non_cluster.787.jpg,0
non_cluster.789.jpg,0
non_cluster.79 (2).jpg,0
non_cluster.79.jpg,0
non_cluster.790.jpg,0
non_cluster.791.jpg,0
non_cluster.792.jpg,0
non_cluster.795.jpg,0
non_cluster.796.jpg,0
non_cluster.798.jpg,0
non_cluster.8 (2).jpg,0
non_cluster.8.jpg,0
non_cluster.800.jpg,0
non_cluster.801.jpg,0
non_cluster.802.jpg,0
non_cluster.803.jpg,0
non_cluster.804.jpg,0
non_cluster.806.jpg,0
non_cluster.807.jpg,0
non_cluster.808.jpg,0
non_cluster.809.jpg,0
non_cluster.811.jpg,0
non_cluster.812.jpg,0
non_cluster.813.jpg,0
non_cluster.814.jpg,0
non_cluster.815.jpg,0
non_cluster.818.jpg,0
non_cluster.819.jpg,0
non_cluster.82 (2).jpg,0
non_cluster.82.jpg,0
non_cluster.820.jpg,0
non_cluster.822.jpg,0
non_cluster.823.jpg,0
non_cluster.824.jpg,0
non_cluster.825.jpg,0
non_cluster.826.jpg,0
non_cluster.827.jpg,0
non_cluster.828.jpg,0
non_cluster.829.jpg,0
non_cluster.83 (2).jpg,0
non_cluster.83.jpg,0
non_cluster.830.jpg,0
non_cluster.831.jpg,0
non_cluster.832.jpg,0
non_cluster.833.jpg,0
non_cluster.834.jpg,0
non_cluster.835.jpg,0
non_cluster.836.jpg,0
non_cluster.837.jpg,0
non_cluster.838.jpg,0
non_cluster.839.jpg,0
non_cluster.84 (2).jpg,0
non_cluster.84.jpg,0
non_cluster.840.jpg,0
non_cluster.841.jpg,0
non_cluster.842.jpg,0
non_cluster.843.jpg,0
non_cluster.844.jpg,0
non_cluster.845.jpg,0
non_cluster.846.jpg,0
non_cluster.847.jpg,0
non_cluster.848.jpg,0
non_cluster.849.jpg,0
non_cluster.85 (2).jpg,0
non_cluster.85.jpg,0
non_cluster.850.jpg,0
non_cluster.851.jpg,0
non_cluster.852.jpg,0
non_cluster.853.jpg,0
non_cluster.854.jpg,0
non_cluster.855.jpg,0
non_cluster.856.jpg,0
non_cluster.857.jpg,0
non_cluster.858.jpg,0
non_cluster.86 (2).jpg,0
non_cluster.86.jpg,0
non_cluster.861.jpg,0
non_cluster.862.jpg,0
non_cluster.864.jpg,0
non_cluster.865.jpg,0
non_cluster.866.jpg,0
non_cluster.867.jpg,0
non_cluster.868.jpg,0
non_cluster.869.jpg,0
non_cluster.87 (2).jpg,0
non_cluster.87.jpg,0
non_cluster.870.jpg,0
non_cluster.871.jpg,0
non_cluster.872.jpg,0
non_cluster.873.jpg,0
non_cluster.875.jpg,0
non_cluster.876.jpg,0
non_cluster.877.jpg,0
non_cluster.878.jpg,0
non_cluster.879.jpg,0
non_cluster.88 (2).jpg,0
non_cluster.88.jpg,0
non_cluster.881.jpg,0
non_cluster.883.jpg,0
non_cluster.885.jpg,0
non_cluster.886.jpg,0
non_cluster.887.jpg,0
non_cluster.888.jpg,0
non_cluster.889.jpg,0
non_cluster.89 (2).jpg,0
non_cluster.89.jpg,0
non_cluster.890.jpg,0
non_cluster.891.jpg,0
non_cluster.892.jpg,0
non_cluster.893.jpg,0
non_cluster.897.jpg,0
non_cluster.899.jpg,0
non_cluster.90 (2).jpg,0
non_cluster.90.jpg,0
non_cluster.900.jpg,0
non_cluster.901.jpg,0
non_cluster.902.jpg,0
non_cluster.904.jpg,0
non_cluster.909.jpg,0
non_cluster.91 (2).jpg,0
non_cluster.91.jpg,0
non_cluster.910.jpg,0
non_cluster.911.jpg,0
non_cluster.913.jpg,0
non_cluster.917.jpg,0
non_cluster.918.jpg,0
non_cluster.919.jpg,0
non_cluster.92 (2).jpg,0
non_cluster.92.jpg,0
non_cluster.921.jpg,0
non_cluster.928.jpg,0
non_cluster.929.jpg,0
non_cluster.93 (2).jpg,0
non_cluster.93.jpg,0
non_cluster.931.jpg,0
non_cluster.94 (2).jpg,0
non_cluster.94.jpg,0
non_cluster.96 (2).jpg,0
non_cluster.96.jpg,0
non_cluster.97 (2).jpg,0
non_cluster.97.jpg,0
non_cluster.98 (2).jpg,0
non_cluster.98.jpg,0
non_cluster.99 (2).jpg,0
non_cluster.99.jpg,0
